01;6251;0;1;0;0;0;0;;;;;;;;;;;;;;;;;;;;;;;;;;
02;6301;9;1;0;0;0;0;;;;;;;;;;;;;;;;;;;;;;;;;;
02;6307;0;0;0;0;0;0;;;;;;;;;;;;;;;;;;;;;;;;;;
02;5897;7;0;0;0;0;0;;;;;;;;;;;;;;;;;;;;;;;;;;
07;4228;6;1;1;0;1;1;2;2;2;4;2;1;1;2;2;4;4;4;2;4;5;4;1;2;4;4;4;2;;;;
01;6240;0;1;0;0;0;0;;;;;;;;;;;;;;;;;;;;;;;;;;
13;6381;0;0;0;0;0;0;;;;;;;;;;;;;;;;;;;;;;;;;;
07;5984;4;1;0;0;0;0;;;;;;;;;;;;;;;;;;;;;;;;;;
01;5870;8;1;0;0;0;0;;;;;;;;;;;;;;;;;;;;;;;;;;
02;5803;8;1;0;0;1;0;2;4;2;2;4;1;1;4;2;2;;4;1;4;2;4;1;4;4;2;2;4;2;5;2;2
02;6306;4;1;0;0;0;0;;;;;;;;;;;;;;;;;;;;;;;;;;
02;6305;4;0;0;0;0;0;;;;;;;;;;;;;;;;;;;;;;;;;;
04;6329;9;0;0;0;0;0;;;;;;;;;;;;;;;;;;;;;;;;;;
01;6265;0;0;0;0;0;0;;;;;;;;;;;;;;;;;;;;;;;;;;
12;6094;0;1;0;0;0;0;;;;;;;;;;;;;;;;;;;;;;;;;;
03;5926;3;0;0;0;0;0;;;;;;;;;;;;;;;;;;;;;;;;;;
10;6062;8;0;0;0;0;0;;;;;;;;;;;;;;;;;;;;;;;;;;
02;6280;6;0;0;0;0;0;;;;;;;;;;;;;;;;;;;;;;;;;;
11;6072;0;0;0;0;0;0;;;;;;;;;;;;;;;;;;;;;;;;;;
09;5844;5;0;0;0;0;0;2;5;5;4;2;5;1;5;1;4;1;5;3;3;;3;1;5;5;1;;;1;1;1;
10;6059;8;1;1;0;0;0;;;;;;;;;;;;;;;;;;;;;;;;;;
04;6316;0;1;0;0;0;0;;;;;;;;;;;;;;;;;;;;;;;;;;
01;6252;0;1;0;0;0;0;;;;;;;;;;;;;;;;;;;;;;;;;;
02;6302;4;1;0;0;0;0;;;;;;;;;;;;;;;;;;;;;;;;;;
04;5950;3;0;0;0;0;0;;;;;;;;;;;;;;;;;;;;;;;;;;
07;6339;4;1;0;0;0;0;;;;;;;;;;;;;;;;;;;;;;;;;;
10;6047;0;1;0;0;0;0;;;;;;;;;;;;;;;;;;;;;;;;;;
01;5879;0;1;0;0;0;0;;;;;;;;;;;;;;;;;;;;;;;;;;
13;6132;5;0;0;0;0;0;;;;;;;;;;;;;;;;;;;;;;;;;;
02;6291;0;1;0;0;0;0;;;;;;;;;;;;;;;;;;;;;;;;;;
12;6375;6;0;0;0;0;0;;;;;;;;;;;;;;;;;;;;;;;;;;
13;6122;9;0;0;0;0;0;;;;;;;;;;;;;;;;;;;;;;;;;;
11;6076;1;1;0;0;0;0;;;;;;;;;;;;;;;;;;;;;;;;;;
09;6030;1;1;0;0;0;0;;;;;;;;;;;;;;;;;;;;;;;;;;
03;6310;3;0;0;0;0;0;;;;;;;;;;;;;;;;;;;;;;;;;;
02;5889;8;0;0;0;0;0;;;;;;;;;;;;;;;;;;;;;;;;;;
10;6055;0;1;0;0;0;0;;;;;;;;;;;;;;;;;;;;;;;;;;
10;6065;4;1;0;0;0;0;;;;;;;;;;;;;;;;;;;;;;;;;;
01;5880;0;1;0;0;0;0;;;;;;;;;;;;;;;;;;;;;;;;;;
04;5954;2;0;0;0;0;0;;;;;;;;;;;;;;;;;;;;;;;;;;
07;4483;1;0;0;0;0;0;1;;5;5;1;1;1;1;;1;1;;1;;;1;5;5;;1;;;1;;1;
03;5932;0;1;0;0;0;0;;;;;;;;;;;;;;;;;;;;;;;;;;
07;5999;9;1;0;0;0;0;;;;;;;;;;;;;;;;;;;;;;;;;;
08;6017;1;1;0;0;0;0;;;;;;;;;;;;;;;;;;;;;;;;;;
04;6320;6;0;0;0;0;0;;;;;;;;;;;;;;;;;;;;;;;;;;
13;6380;0;1;0;0;0;0;;;;;;;;;;;;;;;;;;;;;;;;;;
03;5371;0;0;0;0;0;0;;;;;;;;;;;;;;;;;;;;;;;;;;
07;6215;0;0;0;0;0;0;;;;;;;;;;;;;;;;;;;;;;;;;;
08;6360;0;0;0;0;0;0;;;;;;;;;;;;;;;;;;;;;;;;;;
03;5930;0;0;0;0;0;0;;;;;;;;;;;;;;;;;;;;;;;;;;
03;6312;0;1;0;0;0;0;;;;;;;;;;;;;;;;;;;;;;;;;;
08;4495;9;1;0;0;0;0;;;;;;;;;;;;;;;;;;;;;;;;;;
03;5925;4;1;0;0;0;0;;;;;;;;;;;;;;;;;;;;;;;;;;
09;5105;7;1;0;1;0;0;1;1;2;5;1;4;1;2;1;1;1;5;5;1;1;1;1;5;4;1;;1;1;1;1;1
11;6081;7;0;0;0;0;0;;;;;;;;;;;;;;;;;;;;;;;;;;
13;6129;2;1;0;0;0;0;;;;;;;;;;;;;;;;;;;;;;;;;;
01;6266;0;1;0;0;0;0;;;;;;;;;;;;;;;;;;;;;;;;;;
02;6276;0;1;0;0;0;0;;;;;;;;;;;;;;;;;;;;;;;;;;
13;6382;0;0;0;0;0;0;;;;;;;;;;;;;;;;;;;;;;;;;;
01;5863;5;1;0;0;0;0;;;;;;;;;;;;;;;;;;;;;;;;;;
08;6183;0;1;0;0;0;0;;;;;;;;;;;;;;;;;;;;;;;;;;
01;6248;4;1;0;0;0;0;;;;;;;;;;;;;;;;;;;;;;;;;;
04;6321;0;1;0;0;0;0;;;;;;;;;;;;;;;;;;;;;;;;;;
12;6192;8;1;0;0;0;0;;;;;;;;;;;;;;;;;;;;;;;;;;
11;4767;0;1;0;0;1;0;2;5;5;2;4;2;2;4;2;2;4;2;2;2;1;2;5;4;3;;4;4;4;;2;4
01;5859;4;1;0;0;0;0;;;;;;;;;;;;;;;;;;;;;;;;;;
07;5983;4;1;0;0;0;0;;;;;;;;;;;;;;;;;;;;;;;;;;
11;6082;6;1;0;0;0;0;;;;;;;;;;;;;;;;;;;;;;;;;;
04;5203;7;0;0;0;1;0;2;5;2;4;1;3;1;;4;4;2;;;;4;;;4;4;;4;;;4;1;4
12;4822;4;1;0;0;1;0;;;5;;;5;1;2;;;1;;4;;1;1;;5;;1;;;1;1;1;4
02;5896;7;1;0;0;0;0;;;;;;;;;;;;;;;;;;;;;;;;;;
07;6008;4;1;0;0;0;0;;;;;;;;;;;;;;;;;;;;;;;;;;
04;6322;0;1;0;0;0;0;;;;;;;;;;;;;;;;;;;;;;;;;;
10;6365;6;0;0;0;0;0;;;;;;;;;;;;;;;;;;;;;;;;;;
01;6260;0;0;0;0;0;0;;;;;;;;;;;;;;;;;;;;;;;;;;
12;6096;1;0;0;0;0;0;;;;;;;;;;;;;;;;;;;;;;;;;;
06;6334;4;1;0;0;0;0;;;;;;;;;;;;;;;;;;;;;;;;;;
13;6390;3;1;0;0;0;0;;;;;;;;;;;;;;;;;;;;;;;;;;
04;5960;7;1;0;1;0;1;4;2;4;2;3;4;1;2;4;2;1;4;2;3;4;4;5;4;4;3;3;3;3;;1;3
10;5480;2;0;0;0;1;0;2;4;2;5;1;2;1;4;2;1;1;3;2;3;;4;4;5;5;1;4;2;1;4;4;5
02;6292;0;1;0;0;0;0;;;;;;;;;;;;;;;;;;;;;;;;;;
12;6087;5;0;0;0;0;0;;;;;;;;;;;;;;;;;;;;;;;;;;
01;6241;0;0;0;0;0;0;;;;;;;;;;;;;;;;;;;;;;;;;;
08;6350;6;1;0;0;0;0;;;;;;;;;;;;;;;;;;;;;;;;;;
04;5957;7;1;1;1;0;0;;;;;;;;;;;;;;;;;;;;;;;;;;
12;6084;0;0;0;0;0;0;;;;;;;;;;;;;;;;;;;;;;;;;;
03;6311;1;0;0;0;0;0;;;;;;;;;;;;;;;;;;;;;;;;;;
08;6356;0;1;0;0;0;0;;;;;;;;;;;;;;;;;;;;;;;;;;
01;6271;0;1;0;0;0;0;;;;;;;;;;;;;;;;;;;;;;;;;;
11;4763;6;0;0;0;0;0;4;4;4;4;4;4;2;4;4;4;4;2;2;4;4;4;2;4;4;4;;;;;;
10;6049;5;0;0;0;0;0;;;;;;;;;;;;;;;;;;;;;;;;;;
12;6109;5;1;1;0;0;0;;;;;;;;;;;;;;;;;;;;;;;;;;
03;5922;0;0;0;0;0;0;;;;;;;;;;;;;;;;;;;;;;;;;;
02;4845;2;1;0;0;1;0;1;4;4;5;1;2;1;1;5;1;1;2;1;1;2;1;;5;2;1;4;4;2;3;1;4
01;6269;0;1;0;0;0;0;;;;;;;;;;;;;;;;;;;;;;;;;;
12;6230;3;0;0;0;0;0;;;;;;;;;;;;;;;;;;;;;;;;;;
01;6249;4;0;0;0;0;0;;;;;;;;;;;;;;;;;;;;;;;;;;
07;5514;9;1;0;0;0;0;4;5;4;;3;2;2;4;4;;5;4;;4;4;1;4;4;4;2;4;1;;2;1;4
06;6337;0;1;0;0;0;0;;;;;;;;;;;;;;;;;;;;;;;;;;
12;6090;8;1;0;0;0;0;;;;;;;;;;;;;;;;;;;;;;;;;;
11;4762;4;0;0;0;0;0;2;2;5;4;4;5;1;2;3;2;1;5;5;2;;1;5;5;5;1;5;4;1;2;1;4
04;6325;4;1;0;0;0;0;;;;;;;;;;;;;;;;;;;;;;;;;;
12;6193;8;0;0;0;0;0;;;;;;;;;;;;;;;;;;;;;;;;;;
06;4849;0;1;0;0;0;0;;;;;;;;;;;;;;;;;;;;;;;;;;
08;4364;2;0;0;0;0;0;;;;;;;;;;;;;;;;;;;;;;;;;;
04;6326;4;1;0;0;0;0;;;;;;;;;;;;;;;;;;;;;;;;;;
12;5251;8;0;0;0;1;0;2;1;4;4;2;1;1;2;2;1;1;4;1;4;2;5;4;5;5;2;4;5;1;;;
01;6242;0;1;0;0;0;0;;;;;;;;;;;;;;;;;;;;;;;;;;
06;5963;0;1;0;0;0;0;;;;;;;;;;;;;;;;;;;;;;;;;;
12;6372;0;1;0;0;0;0;;;;;;;;;;;;;;;;;;;;;;;;;;
03;5940;0;1;0;0;0;0;;;;;;;;;;;;;;;;;;;;;;;;;;
01;5878;0;1;0;0;0;0;;;;;;;;;;;;;;;;;;;;;;;;;;
10;6043;4;1;0;0;0;0;;;;;;;;;;;;;;;;;;;;;;;;;;
07;6006;7;0;1;0;0;0;;;;;;;;;;;;;;;;;;;;;;;;;;
04;6323;0;1;0;0;0;0;;;;;;;;;;;;;;;;;;;;;;;;;;
04;6330;3;0;0;0;0;0;;;;;;;;;;;;;;;;;;;;;;;;;;
07;6146;0;0;0;0;0;0;;;;;;;;;;;;;;;;;;;;;;;;;;
13;6383;0;0;0;0;0;0;;;;;;;;;;;;;;;;;;;;;;;;;;
04;5947;0;0;0;0;0;0;;;;;;;;;;;;;;;;;;;;;;;;;;
12;6092;8;1;0;0;0;0;;;;;;;;;;;;;;;;;;;;;;;;;;
08;5756;2;0;1;1;0;1;2;2;2;5;1;1;1;2;4;1;2;5;2;5;2;;5;5;5;1;5;2;1;2;1;5
02;6308;0;0;0;0;0;0;;;;;;;;;;;;;;;;;;;;;;;;;;
06;6331;0;1;0;0;0;0;;;;;;;;;;;;;;;;;;;;;;;;;;
02;5911;0;1;0;0;0;0;;;;;;;;;;;;;;;;;;;;;;;;;;
13;6125;5;1;0;0;0;0;;;;;;;;;;;;;;;;;;;;;;;;;;
08;6016;0;1;0;0;0;0;;;;;;;;;;;;;;;;;;;;;;;;;;
11;6371;4;1;0;0;0;0;;;;;;;;;;;;;;;;;;;;;;;;;;
01;6253;0;1;0;0;0;0;;;;;;;;;;;;;;;;;;;;;;;;;;
11;5651;4;0;0;0;0;0;;;;;;;;;;;;;;;;;;;;;;;;;;
01;6272;0;1;0;0;0;0;;;;;;;;;;;;;;;;;;;;;;;;;;
10;6067;2;0;0;0;0;0;;;;;;;;;;;;;;;;;;;;;;;;;;
03;5515;0;0;0;0;0;0;;;;;;;;;;;;;;;;;;;;;;;;;;
02;4992;5;0;0;0;0;1;4;5;4;2;4;5;1;5;2;2;2;5;4;;3;3;3;4;5;2;5;2;1;1;1;4
06;6332;0;1;0;0;0;0;;;;;;;;;;;;;;;;;;;;;;;;;;
04;6317;0;1;0;0;0;0;;;;;;;;;;;;;;;;;;;;;;;;;;
08;4610;5;1;1;1;0;1;2;4;4;4;2;5;1;4;2;1;1;4;5;4;4;1;5;4;5;4;4;1;;1;1;4
01;6243;0;1;0;0;0;0;;;;;;;;;;;;;;;;;;;;;;;;;;
09;6361;0;1;0;0;0;0;;;;;;;;;;;;;;;;;;;;;;;;;;
01;4207;6;1;0;0;0;0;2;4;2;2;1;3;1;5;2;4;1;5;4;;;4;1;5;4;;;;1;;1;2
08;6352;1;1;0;0;0;0;;;;;;;;;;;;;;;;;;;;;;;;;;
12;4239;0;1;0;0;1;0;4;5;4;2;;5;2;5;2;4;1;4;5;2;2;2;5;4;2;2;3;2;2;1;2;2
11;5403;3;0;0;0;1;0;2;4;5;5;4;2;1;2;1;4;1;5;1;2;2;;4;4;5;2;4;5;2;4;4;1
04;5948;0;1;0;0;0;0;;;;;;;;;;;;;;;;;;;;;;;;;;
03;5937;0;0;0;0;0;0;;;;;;;;;;;;;;;;;;;;;;;;;;
03;5938;0;1;0;0;0;0;;;;;;;;;;;;;;;;;;;;;;;;;;
07;6344;0;1;0;0;0;0;;;;;;;;;;;;;;;;;;;;;;;;;;
02;4565;4;1;0;0;1;0;2;;5;3;1;5;1;2;3;2;1;4;4;3;1;3;5;5;4;2;3;5;2;3;3;4
04;6319;5;1;0;0;0;0;;;;;;;;;;;;;;;;;;;;;;;;;;
08;6353;8;1;0;0;0;0;;;;;;;;;;;;;;;;;;;;;;;;;;
10;6058;8;1;0;0;0;0;;;;;;;;;;;;;;;;;;;;;;;;;;
02;6277;0;0;0;0;0;0;;;;;;;;;;;;;;;;;;;;;;;;;;
13;6124;5;0;0;0;0;0;;;;;;;;;;;;;;;;;;;;;;;;;;
01;6261;0;0;0;0;0;0;;;;;;;;;;;;;;;;;;;;;;;;;;
01;4883;2;1;0;0;1;0;2;2;2;2;4;2;2;4;2;4;4;4;2;4;4;4;;4;4;2;4;4;2;4;4;2
01;6270;0;1;0;0;0;0;;;;;;;;;;;;;;;;;;;;;;;;;;
11;4238;0;1;0;0;0;0;2;5;5;2;;;2;2;;2;2;;;;1;;5;;2;;4;5;;;;2
02;6293;0;1;0;0;0;0;;;;;;;;;;;;;;;;;;;;;;;;;;
08;5026;6;0;0;0;1;0;2;1;1;4;1;2;2;2;;1;2;5;1;4;4;1;1;4;5;1;5;4;1;2;2;5
01;5415;1;0;1;1;0;1;2;4;5;4;2;2;1;1;3;2;1;3;1;3;;2;5;5;5;1;5;5;1;5;2;4
01;5502;0;0;0;0;1;0;1;1;5;5;1;3;1;2;1;1;1;;1;1;3;1;4;5;4;1;3;5;2;5;1;5
09;6363;0;0;0;0;0;0;;;;;;;;;;;;;;;;;;;;;;;;;;
08;6351;0;0;0;0;0;0;;;;;;;;;;;;;;;;;;;;;;;;;;
08;6015;1;1;0;0;0;0;;;;;;;;;;;;;;;;;;;;;;;;;;
10;4806;5;1;0;0;1;0;5;5;2;4;4;4;2;5;5;4;;5;5;4;5;5;4;5;;;4;1;1;1;1;2
01;5872;0;1;0;0;0;0;;;;;;;;;;;;;;;;;;;;;;;;;;
12;6194;8;1;0;0;0;0;;;;;;;;;;;;;;;;;;;;;;;;;;
10;5323;2;1;0;0;0;0;;;;;;;;;;;;;;;;;;;;;;;;;;
13;6378;5;0;0;0;0;0;;;;;;;;;;;;;;;;;;;;;;;;;;
02;6283;0;1;0;0;0;0;;;;;;;;;;;;;;;;;;;;;;;;;;
02;5428;0;0;0;0;0;0;3;5;4;1;4;;1;4;2;4;;2;;;1;;5;2;;;;;5;;4;2
02;6294;0;1;0;0;0;0;;;;;;;;;;;;;;;;;;;;;;;;;;
12;6095;1;0;0;0;0;0;;;;;;;;;;;;;;;;;;;;;;;;;;
07;6007;4;1;0;0;0;0;;;;;;;;;;;;;;;;;;;;;;;;;;
12;6374;0;1;0;0;0;0;;;;;;;;;;;;;;;;;;;;;;;;;;
13;6389;0;1;0;0;0;0;;;;;;;;;;;;;;;;;;;;;;;;;;
13;6136;9;1;0;0;0;0;;;;;;;;;;;;;;;;;;;;;;;;;;
02;5690;6;1;0;0;0;0;;;;;;;;;;;;;;;;;;;;;;;;;;
08;6026;0;0;0;0;0;0;;;;;;;;;;;;;;;;;;;;;;;;;;
13;6384;0;1;0;0;0;0;;;;;;;;;;;;;;;;;;;;;;;;;;
07;6009;0;1;0;0;0;0;;;;;;;;;;;;;;;;;;;;;;;;;;
02;5918;4;0;0;0;0;0;;;;;;;;;;;;;;;;;;;;;;;;;;
09;6036;9;0;0;0;0;0;;;;;;;;;;;;;;;;;;;;;;;;;;
01;5865;8;0;0;0;0;0;;;;;;;;;;;;;;;;;;;;;;;;;;
13;5673;4;1;0;0;0;0;;;;;;;;;;;;;;;;;;;;;;;;;;
07;6347;0;1;0;0;0;0;;;;;;;;;;;;;;;;;;;;;;;;;;
01;6254;0;1;0;0;0;0;;;;;;;;;;;;;;;;;;;;;;;;;;
12;4923;4;0;0;0;0;0;1;4;4;;;5;1;4;2;2;1;5;2;2;2;1;4;5;4;1;4;4;1;1;1;4
02;6284;0;1;0;0;0;0;;;;;;;;;;;;;;;;;;;;;;;;;;
07;6147;0;0;0;0;0;0;;;;;;;;;;;;;;;;;;;;;;;;;;
01;6250;4;0;0;0;0;0;;;;;;;;;;;;;;;;;;;;;;;;;;
07;6341;4;1;0;0;0;0;;;;;;;;;;;;;;;;;;;;;;;;;;
09;6362;0;1;0;0;0;0;;;;;;;;;;;;;;;;;;;;;;;;;;
08;6018;0;1;0;0;0;0;;;;;;;;;;;;;;;;;;;;;;;;;;
02;5819;4;1;0;0;0;0;;;;;;;;;;;;;;;;;;;;;;;;;;
02;6295;0;0;0;0;0;0;;;;;;;;;;;;;;;;;;;;;;;;;;
01;5452;6;0;0;0;0;0;4;2;2;2;4;3;2;4;2;5;4;4;2;4;5;;2;4;4;2;5;2;2;2;2;2
10;6064;1;1;0;0;0;0;;;;;;;;;;;;;;;;;;;;;;;;;;
08;6357;0;1;0;0;0;0;;;;;;;;;;;;;;;;;;;;;;;;;;
07;5994;2;0;0;0;0;0;;;;;;;;;;;;;;;;;;;;;;;;;;
10;6239;0;1;0;0;0;0;1;1;2;4;2;5;1;2;4;1;1;4;2;1;2;1;2;5;4;;2;4;;4;1;5
06;5971;0;1;0;0;0;0;;;;;;;;;;;;;;;;;;;;;;;;;;
06;6335;4;0;0;0;0;0;;;;;;;;;;;;;;;;;;;;;;;;;;
06;6336;0;1;0;0;0;0;;;;;;;;;;;;;;;;;;;;;;;;;;
11;6151;0;1;0;0;0;0;;;;;;;;;;;;;;;;;;;;;;;;;;
01;5883;7;1;0;0;0;0;;;;;;;;;;;;;;;;;;;;;;;;;;
03;6314;0;1;0;0;0;0;;;;;;;;;;;;;;;;;;;;;;;;;;
01;6273;0;1;0;0;0;0;;;;;;;;;;;;;;;;;;;;;;;;;;
03;5746;0;0;0;0;0;0;2;5;5;4;2;4;2;;4;;;2;2;;1;;5;2;2;2;4;4;4;;;4
12;6198;6;1;0;0;0;0;;;;;;;;;;;;;;;;;;;;;;;;;;
01;6255;0;1;0;0;0;0;;;;;;;;;;;;;;;;;;;;;;;;;;
01;6256;0;1;0;0;0;0;;;;;;;;;;;;;;;;;;;;;;;;;;
13;6386;4;1;0;0;0;0;;;;;;;;;;;;;;;;;;;;;;;;;;
06;5974;1;1;0;0;0;0;;;;;;;;;;;;;;;;;;;;;;;;;;
13;6387;8;0;0;0;0;0;;;;;;;;;;;;;;;;;;;;;;;;;;
02;6298;0;1;0;0;0;0;;;;;;;;;;;;;;;;;;;;;;;;;;
12;6086;0;1;0;0;0;0;;;;;;;;;;;;;;;;;;;;;;;;;;
10;6052;5;0;0;0;0;0;;;;;;;;;;;;;;;;;;;;;;;;;;
03;5933;6;0;0;0;0;0;;;;;;;;;;;;;;;;;;;;;;;;;;
01;6245;0;1;0;0;0;0;;;;;;;;;;;;;;;;;;;;;;;;;;
02;5179;7;1;0;0;0;0;;;;;;;;;;;;;;;;;;;;;;;;;;
11;6071;3;0;0;0;0;0;;;;;;;;;;;;;;;;;;;;;;;;;;
02;5916;0;1;0;0;0;0;;;;;;;;;;;;;;;;;;;;;;;;;;
07;6343;0;1;0;0;0;0;;;;;;;;;;;;;;;;;;;;;;;;;;
02;6275;0;1;0;0;0;0;;;;;;;;;;;;;;;;;;;;;;;;;;
07;6348;0;0;0;0;0;0;;;;;;;;;;;;;;;;;;;;;;;;;;
06;5973;1;0;0;0;0;0;;;;;;;;;;;;;;;;;;;;;;;;;;
01;6257;0;1;0;0;0;0;;;;;;;;;;;;;;;;;;;;;;;;;;
08;6012;1;0;0;0;0;0;;;;;;;;;;;;;;;;;;;;;;;;;;
01;5871;0;0;0;0;0;0;;;;;;;;;;;;;;;;;;;;;;;;;;
02;6296;0;1;0;0;0;0;;;;;;;;;;;;;;;;;;;;;;;;;;
07;6342;4;0;0;0;0;0;;;;;;;;;;;;;;;;;;;;;;;;;;
07;6224;4;0;0;0;0;0;;;;;;;;;;;;;;;;;;;;;;;;;;
01;6258;0;1;0;0;0;0;;;;;;;;;;;;;;;;;;;;;;;;;;
10;6046;4;0;0;0;0;0;;;;;;;;;;;;;;;;;;;;;;;;;;
03;6313;0;1;0;0;0;0;;;;;;;;;;;;;;;;;;;;;;;;;;
02;6285;0;1;0;0;0;0;1;5;5;1;2;1;2;1;1;2;2;1;1;1;2;2;5;4;3;2;3;5;2;4;;
09;4639;4;1;0;0;1;0;1;5;5;;;5;1;1;3;1;1;3;2;2;1;1;4;5;;3;2;5;1;4;1;5
01;5776;4;1;0;0;0;0;;;;;;;;;;;;;;;;;;;;;;;;;;
02;6297;0;1;0;0;0;0;;;;;;;;;;;;;;;;;;;;;;;;;;
01;6259;0;1;0;0;0;0;;;;;;;;;;;;;;;;;;;;;;;;;;
03;5924;0;0;0;0;0;0;;;;;;;;;;;;;;;;;;;;;;;;;;
02;6303;4;0;0;0;0;0;;;;;;;;;;;;;;;;;;;;;;;;;;
08;6013;1;0;0;0;0;0;;;;;;;;;;;;;;;;;;;;;;;;;;
08;6021;0;1;0;0;0;0;;;;;;;;;;;;;;;;;;;;;;;;;;
02;5913;0;0;0;0;0;0;;;;;;;;;;;;;;;;;;;;;;;;;;
02;6286;0;1;0;0;0;0;;;;;;;;;;;;;;;;;;;;;;;;;;
07;5989;0;1;0;0;0;0;;;;;;;;;;;;;;;;;;;;;;;;;;
06;6338;0;0;0;0;0;0;;;;;;;;;;;;;;;;;;;;;;;;;;
02;5887;0;1;0;0;0;0;;;;;;;;;;;;;;;;;;;;;;;;;;
08;6354;8;1;0;0;0;0;;;;;;;;;;;;;;;;;;;;;;;;;;
12;6377;1;0;0;0;0;0;;;;;;;;;;;;;;;;;;;;;;;;;;
02;6290;8;1;0;0;0;0;;;;;;;;;;;;;;;;;;;;;;;;;;
13;6388;0;1;0;0;0;0;;;;;;;;;;;;;;;;;;;;;;;;;;
07;5540;0;1;0;0;0;0;;;;;;;;;;;;;;;;;;;;;;;;;;
03;6315;0;1;0;0;0;0;;;;;;;;;;;;;;;;;;;;;;;;;;
02;5903;0;1;0;0;0;0;;;;;;;;;;;;;;;;;;;;;;;;;;
02;6299;0;1;0;0;0;0;;;;;;;;;;;;;;;;;;;;;;;;;;
10;6367;4;1;0;0;0;0;;;;;;;;;;;;;;;;;;;;;;;;;;
04;5956;0;1;0;0;0;0;;;;;;;;;;;;;;;;;;;;;;;;;;
04;6318;0;1;0;0;0;0;;;;;;;;;;;;;;;;;;;;;;;;;;
09;6041;0;1;0;0;1;0;1;2;2;4;1;5;1;1;1;1;1;4;1;1;2;1;;5;5;1;;4;2;4;1;5
01;5881;0;1;0;0;1;0;1;2;4;4;1;4;1;2;;1;1;4;2;2;2;1;2;4;4;2;2;2;1;2;1;2
02;5898;7;1;0;0;0;0;;;;;;;;;;;;;;;;;;;;;;;;;;
08;5131;7;1;1;1;1;1;4;4;4;2;4;2;1;2;2;2;2;4;2;4;2;3;;4;4;2;4;4;2;2;1;2
01;6262;0;1;0;0;0;0;;;;;;;;;;;;;;;;;;;;;;;;;;
12;6102;3;0;0;0;0;0;;;;;;;;;;;;;;;;;;;;;;;;;;
08;4507;9;0;0;0;0;0;;;;;;;;;;;;;;;;;;;;;;;;;;
10;6370;0;1;0;0;0;0;;;;;;;;;;;;;;;;;;;;;;;;;;
12;5143;1;0;0;0;1;0;2;2;4;5;1;;1;2;4;2;1;3;3;2;2;3;3;5;4;2;4;;1;;1;4
04;5955;0;1;0;0;0;0;;;;;;;;;;;;;;;;;;;;;;;;;;
02;5088;0;1;0;0;0;0;;;;;;;;;;;;;;;;;;;;;;;;;;
04;6327;4;0;0;0;0;0;;;;;;;;;;;;;;;;;;;;;;;;;;
06;6333;0;1;0;0;0;0;;;;;;;;;;;;;;;;;;;;;;;;;;
01;6246;0;0;0;0;0;0;;;;;;;;;;;;;;;;;;;;;;;;;;
04;6328;4;1;0;0;0;0;;;;;;;;;;;;;;;;;;;;;;;;;;
06;5970;0;1;0;0;0;0;;;;;;;;;;;;;;;;;;;;;;;;;;
03;6309;4;1;0;0;0;0;;;;;;;;;;;;;;;;;;;;;;;;;;
12;6116;5;1;0;0;0;0;;;;;;;;;;;;;;;;;;;;;;;;;;
12;5834;5;1;0;0;0;0;5;5;;1;5;5;1;;;1;;5;1;;;;1;5;;;5;;;1;1;5
13;6379;5;1;0;0;0;0;;;;;;;;;;;;;;;;;;;;;;;;;;
07;5990;0;1;0;0;0;0;;;;;;;;;;;;;;;;;;;;;;;;;;
10;6366;0;1;0;0;0;0;;;;;;;;;;;;;;;;;;;;;;;;;;
01;6263;0;1;0;0;0;0;;;;;;;;;;;;;;;;;;;;;;;;;;
11;6068;0;1;0;0;0;0;;;;;;;;;;;;;;;;;;;;;;;;;;
08;6011;1;1;0;0;0;0;;;;;;;;;;;;;;;;;;;;;;;;;;
07;6221;0;1;0;0;0;0;;;;;;;;;;;;;;;;;;;;;;;;;;
02;6278;0;0;0;0;0;0;;;;;;;;;;;;;;;;;;;;;;;;;;
10;6368;4;0;0;0;0;0;;;;;;;;;;;;;;;;;;;;;;;;;;
13;6385;0;1;0;0;0;0;;;;;;;;;;;;;;;;;;;;;;;;;;
02;6279;0;0;0;0;0;0;;;;;;;;;;;;;;;;;;;;;;;;;;
08;6022;5;0;0;0;0;0;;;;;;;;;;;;;;;;;;;;;;;;;;
04;5949;1;0;0;0;0;0;;;;;;;;;;;;;;;;;;;;;;;;;;
03;5939;0;1;0;0;0;0;;;;;;;;;;;;;;;;;;;;;;;;;;
07;5245;9;0;1;1;1;0;4;4;;2;;2;2;4;2;4;5;4;2;4;4;4;4;2;5;2;5;2;2;2;4;2
02;6304;4;1;0;0;0;0;;;;;;;;;;;;;;;;;;;;;;;;;;
11;5225;0;1;0;0;0;0;;;;;;;;;;;;;;;;;;;;;;;;;;
02;6287;0;1;0;0;0;0;;;;;;;;;;;;;;;;;;;;;;;;;;
02;5909;0;1;0;0;0;0;;;;;;;;;;;;;;;;;;;;;;;;;;
02;6300;0;1;0;0;0;0;;;;;;;;;;;;;;;;;;;;;;;;;;
02;6288;0;1;0;0;0;0;;;;;;;;;;;;;;;;;;;;;;;;;;
08;6358;0;1;0;0;0;0;;;;;;;;;;;;;;;;;;;;;;;;;;
04;6324;1;1;0;0;0;0;;;;;;;;;;;;;;;;;;;;;;;;;;
09;6038;0;1;0;0;0;0;;;;;;;;;;;;;;;;;;;;;;;;;;
11;4694;0;1;0;0;0;0;;;;;;;;;;;;;;;;;;;;;;;;;;
12;6091;8;1;0;0;0;0;;;;;;;;;;;;;;;;;;;;;;;;;;
12;6376;8;0;0;0;0;0;;;;;;;;;;;;;;;;;;;;;;;;;;
01;6274;0;1;0;0;0;0;;;;;;;;;;;;;;;;;;;;;;;;;;
02;5914;6;0;0;0;0;0;;;;;;;;;;;;;;;;;;;;;;;;;;
